temperature,humidity,dust,label
41.702069722395706,91.13569821856376,367.99437275864966,-1
26.915777376332123,48.07406697809101,27.06033052335818,1
26.015489222483243,52.22381357827771,20.36241073789389,1
23.613174133884872,56.09699841956223,18.103333409096386,1
26.630080577139804,55.72507337309802,37.78936503512114,1
24.39086384187102,50.863640187550935,21.372242359568794,1
21.631833935313104,45.700521631131814,21.52366071380915,1
26.55297706140737,34.376064718531204,54.26716486345522,1
25.88836083119373,62.976865268495224,27.412039373328977,1
20.993966923869696,44.758043936090836,33.891591956679285,1
23.269324391430555,52.348777860498174,23.396788605265527,1
46.8381055621098,84.21013879330685,347.6293307331393,-1
23.13190144053822,35.31655545136365,44.524675344707454,1
24.29623859987456,50.72582781356159,27.045196819708398,1
19.477377306005064,45.24219456672758,22.904201452508275,1
25.879217419896044,39.4969484615458,24.043387059565077,1
27.440551652109008,47.24451818559972,40.857863249393475,1
26.936127848755444,45.6447441481012,23.50626961678574,1
26.000986315860846,46.84551303197037,23.49976065593102,1
49.769912653198105,94.83282903672085,460.28915524459075,-1
24.44302307000855,58.29152530132431,38.10808273159782,1
25.626590785014265,34.787671828692865,18.562737926793382,1
24.181829290756987,49.68774256075024,32.634872153310596,1
27.86200529047961,53.70067730688754,22.308576502127018,1
25.19284005728639,48.02635465239033,48.005111815108535,1
24.34269841357341,45.14688194729197,35.01782736167545,1
26.15595213918651,44.19283419891418,40.701502383164275,1
57.25993662717744,84.59653451595237,492.29846491482243,-1
24.428983965749175,35.28385961489349,44.01598592946429,1
27.26617367747727,54.278401280812375,34.21586610614456,1
26.07133771453524,49.254575617849646,46.15582823548232,1
23.56247728646413,51.42722759867544,28.65691258529452,1
59.94475799807205,83.70540710766647,363.5099400515177,-1
22.004937877783625,34.32197078420807,39.41310580767483,1
23.775773880935347,50.8857840442061,45.33727709916499,1
24.03584247504102,39.46411758292005,45.49020151495188,1
24.937295218107554,45.48860070325704,18.10588107132672,1
25.590583707607372,39.359213692632714,27.918831427274604,1
20.77461611090932,37.00807993349746,23.877632654922497,1
25.03069918305876,44.374068721004775,31.973157074055955,1
26.47735379202445,47.38368982734785,22.152380918722965,1
30.690378947961843,56.608267873785195,28.48726716346488,1
26.88503652779284,67.10523001591352,37.18185725707934,1
31.571366877429938,49.36323669674032,20.806154084135766,1
24.609570836896946,66.45149127773388,28.08972237399831,1
27.60881776031698,36.81801116577693,24.533199154127345,1
25.533103002799763,49.037300903366095,33.72105472606863,1
19.398204422224758,56.8703030556038,32.773769379581914,1
29.3409336530612,23.273304539859637,27.98508466052482,1
25.923405306676177,46.13270410537764,31.75211418908512,1
25.81473651158612,53.71297297457244,29.57176618688425,1
32.389726337455855,38.10812181910432,35.00844474944457,1
28.09739578165344,31.76910206592502,26.962739712233354,1
20.866991896128727,56.081828167375164,11.063853330462145,1
25.20258461406377,46.32969674146876,27.751440181919214,1
25.03900567563372,29.43418101340249,41.24112719986013,1
27.37498808188881,43.529979983715116,41.143216946688725,1
23.83689532019205,36.567534046838084,16.328621935397543,1
27.058780571123542,51.38730222029184,43.60658595838651,1
25.867505931723453,54.7519762978243,26.29491901409971,1
21.92683707599713,28.54601253043108,28.967782470675036,1
19.037293256197323,52.604146561442974,21.94129933503811,1
27.616961910162033,68.19329539981695,13.923389728819412,1
56.947758611427474,98.54247563728899,356.32320842112637,-1
28.200024068767462,43.398672044333594,29.60692712372369,1
22.854088872220096,44.35861653407007,32.096594152746256,1
32.58079727762087,30.936825363281663,36.79142775438196,1
21.755355989156815,60.615111967268525,27.484611139555042,1
59.50686266958141,87.49096486759163,441.24923251105247,-1
23.044491676593523,43.32878286213589,38.90383163519786,1
20.72575544135963,37.99879185060827,23.499974191765403,1
31.226202395936316,32.757017637106344,16.473297141564657,1
53.180908202644645,89.7924892410049,369.0167491026467,-1
18.62831282707058,52.0810867668859,28.196083182375922,1
26.83175723585147,48.24359281721603,42.235688824186276,1
45.540250486519575,87.22807558134373,454.5542839330158,-1
52.45261067197316,83.65675559737635,476.97102353920087,-1
27.255799098060322,49.241659464019165,25.27909422302873,1
24.811962708180484,33.298869739406406,28.724508796224658,1
17.585066499618133,48.996879517526416,8.466570801287556,1
23.222818227283394,30.78189333258156,36.06723059136183,1
25.59717908672041,28.070431858046145,36.15771149771142,1
25.140941781294227,37.442548405071555,17.067270421288363,1
52.39052400072607,82.94551127104182,352.64946930360225,-1
23.119098826636698,53.40620026504553,38.58451116656666,1
26.751784555977892,41.907909229501364,34.69267589808526,1
30.266022527329614,50.29692754356731,23.524581943648407,1
23.44518934517906,44.5228864385802,24.075357408471056,1
22.73879150692753,48.46503881730716,41.337700968670646,1
26.901757066954033,54.64087168288357,57.596600389110776,1
24.783969635258998,38.2360769794073,40.32546204341657,1
28.538320362163862,45.81829358547565,31.897061676103956,1
28.832994687365275,37.980083121932445,20.99379265352131,1
19.120989628360675,52.08356447299353,31.08559705776523,1
23.73943954871243,48.67287313401341,25.569559788715175,1
29.360153431353105,55.85982116175032,21.389120898264295,1
22.031185539224257,63.84586305934609,35.72057441714144,1
20.44189010213796,61.42015160136369,16.541290765267853,1
26.288854657397756,50.86693801475275,42.37438134684139,1
23.90916336335843,40.736424037944566,27.702003694248063,1
23.737046557539212,51.73181351269958,34.08652811480671,1
21.97574106724779,48.94671529822981,12.926420424070532,1
29.353430823385125,34.07687235327421,26.80152476745156,1
27.778532642594925,34.5308901731806,40.51947617722919,1
19.143736601432494,54.40771187988216,17.792875740858413,1
22.959925835264528,49.94030186282739,20.94267699137381,1
26.47575751451952,69.9299951743279,34.62172666081943,1
30.72824992141039,50.36652752527286,20.01939372685587,1
25.99379029421069,50.69767280232204,32.88693629279857,1
23.5209971960235,31.659745050817953,33.004743596108284,1
22.969233999082125,32.48460575809556,18.0636316824352,1
27.698799626299753,44.803622010733186,36.70480617241213,1
28.56517982034425,38.07579020126144,27.36551783917751,1
23.702325436541138,48.81158384882778,31.43388467342251,1
28.738255577492886,52.94264679621827,40.729780477660114,1
47.78460943383577,82.59357956448471,397.2260970429848,-1
24.242295545820518,55.225704320096405,32.653623493996285,1
29.261512743969565,50.11202599524981,23.42165446147863,1
20.655746975508027,45.34083468259226,13.990960215234843,1
24.881334538430036,34.99668675394425,23.932997052347034,1
26.030854868705383,44.54413983644502,39.69457200526737,1
28.42846844354506,41.7965269180568,28.318561814152105,1
26.468123683683753,45.61679849847972,22.333434122166523,1
27.90593497159867,24.582651315757094,30.06422269810938,1
24.134024083239584,49.190190093660455,26.82284903243766,1
24.849285671652588,50.5623000940066,47.95211355912322,1
25.842975603205097,50.50052099024552,25.467515909769865,1
19.260159266026605,60.77453279763475,38.96839315865532,1
26.868549797042498,36.015320182089624,34.72406277880377,1
28.092998567487854,44.178488216074314,40.005823180429786,1
22.574519191320437,44.963974609094315,29.73594243041073,1
40.60052010658786,85.57286126230073,469.62184700312605,-1
27.85127151455815,33.966333938261265,25.70755579701338,1
40.77876033375331,82.01956213635522,474.81435466103704,-1
28.800733447559868,38.118496548222765,25.237791264553408,1
26.071046457895143,29.070062664683306,40.391117874202685,1
21.668272463602513,28.848681840944906,27.69133626155231,1
26.025267927331477,26.637946268967035,15.76042847549855,1
28.010598693676073,63.00940432910816,41.26705136827583,1
22.513014967233783,46.25224502647907,33.76409526097517,1
25.706843674325697,43.79051851392219,26.40231354210914,1
24.252891881330864,42.90676322848134,19.141748711148146,1
25.177655302043465,48.67365506816178,44.87246155335927,1
20.397657487793133,58.90207549017313,38.82333062323409,1
26.94306561430208,45.28744822934817,22.915932330895373,1
27.142001482276275,49.300416471910694,35.130854200972934,1
26.898795453266533,58.14914453584048,35.53251219984784,1
24.585207096486446,41.06661187672639,29.393391861853793,1
23.087838618080447,38.45924316872576,35.107920885275945,1
52.19394850305232,96.802161568784,444.9196573695258,-1
29.58865095838184,27.315606344371485,19.803356613078844,1
52.990178594148944,83.09850622286885,330.89844080098516,-1
28.477989410092743,15.786495165053928,23.10272225935826,1
24.80176060405805,53.60473488359745,14.821262533191906,1
24.017013560206696,38.180157520022014,28.903901960741692,1
22.575105143934547,41.908835357974986,30.06799844559998,1
32.36590041973268,50.01094169939845,15.94432980821358,1
24.9595083257862,30.51986099583756,39.53136633913245,1
43.12413137373244,96.4476242237071,400.25512892514587,-1
27.772081057620703,45.20793707675408,37.90371896051711,1
23.369725686598706,53.8404539636105,17.623375776727023,1
22.665085823793063,53.52773675122219,18.691115646740844,1
22.621381503212966,19.089577078550903,33.63631882624968,1
22.818588472525395,57.17158520825497,44.64177238752438,1
24.069199730219633,47.78994162223802,20.056506253914876,1
22.244044160547404,41.506832038818025,34.63184795267585,1
19.860596412727368,54.190764829877686,34.25887206193036,1
55.13460334137136,86.52507836082293,391.6647189175151,-1
26.420777291905544,51.47195939702741,28.940516456958644,1
22.552569145103686,49.770408272231215,0.5961136533571967,1
25.594254282303567,59.92688568959522,34.996851103029336,1
22.67863240268928,51.963874474567156,17.004187630724026,1
24.895034528509115,35.00697767705089,20.04184605209771,1
45.73039097854246,82.82447086746299,422.29272224513215,-1
26.81802985403692,35.466713917412875,21.74589470021045,1
28.309905646049565,76.93107567844861,33.27879524159357,1
26.331458284438686,54.81765486991594,32.62561329001925,1
20.330112479428287,40.17256477817968,19.14849473442202,1
20.117372686350514,65.56207129940321,19.08299123860686,1
23.754136258297596,41.27166847908233,20.42849085104957,1
21.11476368380915,16.277377867183507,13.934228992613207,1
26.42149876273536,56.72729019259364,61.37748533659994,1
21.333616573324164,49.28816500330573,24.5044286409142,1
22.06370885265308,57.083662305931426,19.960426279185015,1
16.909340071175286,35.016145608117085,32.94224129013494,1
29.93490314050385,59.711703274936085,19.127540611371973,1
26.02345592444993,32.1700777581143,31.947361947187748,1
27.088619094440254,57.26933223884308,23.094589476837406,1
23.08678004724605,46.89581616598743,30.15618333949603,1
21.62353285810487,26.3346338292694,20.824971789857365,1
23.56702765970465,70.58199285668252,20.7048913980759,1
20.03542998440269,29.052969327332043,26.304730711666416,1
23.194880163311808,39.44800473306802,37.08214423256557,1
28.431262129620787,40.62541699676589,32.60280506582886,1
30.437345673990787,50.4673356820138,27.65379430042586,1
43.394568571538464,97.24405947316377,389.80775358602517,-1
26.7296708891673,38.309272613400836,36.79373282956503,1
30.59732353343427,44.744459290085544,8.643257860213044,1
23.409227144882678,39.2348959927328,17.476065555868807,1
28.767268376720562,43.67366253617426,38.970661968871326,1
23.563754135009567,63.99881934895215,7.9443394290093075,1
28.112619832773696,60.421099525678756,29.165620302096393,1
30.556834553526812,63.8115706944059,32.332161312635016,1
22.628576633664064,57.21033695525353,40.47317706621448,1
28.916436421462986,42.05050321707972,37.408243454201255,1
27.123255806366426,42.61067900830306,30.382379949600285,1
20.49057114064568,40.429037434137285,36.897078052451945,1
29.885846636713875,38.8659733645906,30.14273067836434,1
51.8568036101622,86.56466211356678,413.15631096819925,-1
25.731061634475736,42.964196398976384,30.50887701856018,1
20.69241354646168,47.811914239693756,42.36130721806218,1
23.287761118751572,58.73658545162958,38.545252270666154,1
26.224758267143415,38.56450167682538,35.55512646342248,1
29.36060223147195,40.718848390340874,39.475264621228575,1
29.066913576414855,44.96625542589048,27.28344889673947,1
22.40802769096055,60.01333651955487,28.16803381279612,1
43.93307169905918,87.44346510493794,486.64101755186124,-1
23.27254527806596,36.15197285973099,29.18477326898354,1
43.58712020578482,89.16862848262876,410.2319923832744,-1
32.68025361480638,23.781451009914054,20.745753739404126,1
25.142196013949242,47.825799504882994,35.75205016106566,1
24.90191575571772,45.03046020153415,35.844129804724844,1
25.972499057465328,36.64652946740243,4.376663412046895,1
29.598216739007732,45.760053914124114,32.46504778432005,1
26.4901424590337,48.686733088729014,49.01190685753008,1
24.28315585940077,49.55887772081608,32.30070759191402,1
20.955443733682863,54.19228934575204,33.67481665474304,1
54.302003225674,89.69075990160022,385.9970428242119,-1
18.88562639446644,61.69904504351406,24.64198536947702,1
25.450905284385634,37.48208949904816,7.80699627252465,1
27.613374110295076,42.90976742713975,14.77640813782109,1
27.66889238687031,46.904996797790666,30.819955564135604,1
23.40739368123904,44.16894427371305,26.979545005101357,1
29.693930967442018,38.47376020697609,37.796605322693395,1
24.257444093345487,60.213160519224516,39.96858773465808,1
36.558194471964164,64.14031353866787,39.37570137626558,1
24.340984336487463,52.85800158650832,39.64851633097457,1
56.747341595403014,95.54098571303513,304.9943324234099,-1
28.814665284982475,36.89747562985619,36.92918623031611,1
23.04519895718255,49.5353430151398,35.054701591666266,1
27.753585841164327,23.466098863962852,21.328697842890996,1
28.15945855999871,64.38928999058285,7.531106660153949,1
20.85160080710699,38.43105721028604,14.96919698240182,1
26.003370369961075,43.24114187567663,17.67476685231491,1
27.597265582510364,46.255764534715425,31.52354872033722,1
26.436939477239175,39.357524013426115,15.034707449099209,1
31.89669437085775,52.38810480887503,30.83826627929361,1
57.05094842491941,87.3478145739414,498.02176921737316,-1
28.567049593322654,26.693671031435432,40.305805856240575,1
22.545337950299583,51.337768809320984,29.807396202656054,1
24.20602950028613,60.00759790634311,22.27122332176391,1
22.822768560539604,49.28307097207649,34.32959825360696,1
22.86146265196851,52.36843897092433,38.69156064389273,1
47.46245236844767,90.11017520779728,334.14167266249603,-1
25.275282329606508,29.16097176514277,13.165618077790498,1
22.73094776414709,52.42095372009307,25.355957376906122,1
27.461446543592093,26.248275303542556,19.83316871423503,1
25.559362944308283,32.72392184863008,24.910363742925014,1
25.209406254970055,35.11408892849083,28.605537243190003,1
27.467634736309567,49.40014450053332,23.87562625359562,1
47.0984932175402,89.07979822399398,485.8289434423375,-1
28.50334618497942,47.407531794885685,36.83569323200477,1
26.131901479134555,50.92526949201183,30.693443370362505,1
26.641292143510114,30.973947282003067,26.713815242510154,1
31.431832267975977,42.558433647093516,40.6020990749888,1
26.127094055037016,48.772118750645205,44.1093237974627,1
24.054192266078964,46.504189051435766,38.294748419317486,1
25.666401314901137,51.72573701202731,23.952553354617873,1
30.31240190690653,39.95225078771782,36.51136241823657,1
29.737638446522176,31.401438590200808,32.67126651011483,1
56.08828119354946,81.6547367123638,397.45307082001017,-1
56.0528062470586,91.41754833678952,435.69999365852755,-1
26.872359451156466,54.638791167949094,37.15381315441244,1
27.044502092117874,38.222550294751485,32.11283692279473,1
24.520184410109717,48.74056569847572,32.30700905718683,1
21.493965887141403,40.16114165945678,23.79152401748884,1
19.92260611085554,46.40886246911204,35.646059258936006,1
23.696511317703052,49.098186569285126,23.75654610286776,1
22.373145239845726,57.00413907944426,36.50450092536139,1
28.018878427643322,49.90974951638251,30.070631586281763,1
22.844667336242694,47.33785911790748,28.967452398509526,1
24.89586469088427,38.48581996385552,22.12216248091761,1
25.972251908184386,42.5876394214367,23.537726901561967,1
49.103439834673125,91.48575150180422,467.8360789960597,-1
28.29633055596157,38.07094802204092,28.37207093927706,1
23.22528583349251,38.37099082449052,36.38391925608383,1
26.44302769521014,34.758131756707954,33.90695920928144,1
21.822359434333144,42.75234598107316,39.2165011192446,1
25.649375768745923,49.21920754235285,20.264538002955312,1
22.42492665945636,34.934574347203586,33.278211728430854,1
25.245622418158966,55.50654396007612,17.607416051465275,1
26.042745116085012,57.81016361735113,36.06850593215671,1
31.277161827056382,49.137990974514985,27.371091707917323,1
26.14059355301789,35.96298139269872,29.468793469824547,1
21.610879436027147,56.73473857485325,34.2097294438939,1
23.609746921562614,41.92221765046999,25.169389483165606,1
24.221225945909186,61.6125921454787,17.077373048943812,1
25.696761091483012,47.60673765823907,23.462336613511802,1
29.897233911794906,58.84272818510518,5.61182841723571,1
26.54510580162598,51.1277390506257,30.01205475362224,1
20.7095758661181,50.639091200523595,28.657208378136957,1
20.454426813404343,31.280988570686436,23.24291920838388,1
25.801150797607775,48.319803305690144,22.65826201221504,1
24.833356903310143,46.70416222375488,36.86318456956701,1
20.452767655008305,52.42127491071892,21.049301577233955,1
41.3403307550242,82.86002245331453,443.2099946484289,-1
25.261141204714512,40.47693680750923,24.37831973421698,1
27.43858635651688,47.23914134064661,14.462412339839357,1
21.169754272539073,31.540203197532513,30.58022734808395,1
24.422917105656634,62.359638031652494,11.98942265847261,1
27.557300004388672,52.01172742310898,12.30924095110882,1
44.22463662945862,92.89490497153638,306.0207744422638,-1
21.571089106508133,48.46488475897993,22.55097355193551,1
41.03978703955415,95.24893917349738,377.4645035950628,-1
24.8516088710427,43.955507814625285,48.0930634973311,1
28.35872473430373,63.260097135469366,34.62591292853951,1
23.84475315875105,48.520553965142966,47.75310892609512,1
23.49472886924639,33.416353108074574,32.80161158819607,1
43.07382085688409,89.66361726627338,450.15392984221114,-1
25.387663545925683,43.78252491616716,32.71495310825648,1
26.711796005779476,36.607903326609936,46.744924333475375,1
23.469950803435758,65.06092888159122,15.5035478030147,1
23.738064031703924,54.246336829127685,26.6618051024399,1
22.055474046856148,37.46035411133324,23.8234810456565,1
28.83303046569553,50.578103063518626,25.479096671669197,1
27.32390216028801,41.75168616491378,31.935899113675443,1
27.46618047998347,32.053185242790946,28.026615796926738,1
22.133378678198724,40.120885918542974,23.22435347664345,1
25.768089202941628,35.44877420650647,39.75816719344709,1
24.469158317517852,45.436024463724536,23.032281815704252,1
58.58279040030925,81.25129684438903,341.5081872411407,-1
28.16140615610471,43.604103718448265,26.920384703609596,1
58.75930462867788,81.74034436605578,362.37588715274507,-1
26.41779244723913,40.96351536758003,27.049100857620935,1
24.78151326202938,47.387891590265134,35.16178287114958,1
20.3480097068016,42.42623462576655,17.70450405547583,1
22.075954989318035,52.716987106483444,29.451059993837138,1
51.738730131178144,88.79480973015816,425.4657870181356,-1
23.198083930243584,60.65524029234341,29.014118677157384,1
29.73871643719214,39.64036554885952,44.033699701251905,1
25.293028295646494,37.64470057410233,27.659801408930186,1
26.33278993445812,45.86143883046375,10.803268438023437,1
59.21840293857649,83.903330344373,334.6992100710044,-1
24.33709120140033,43.4147042697303,41.92507512477975,1
23.04807229263452,54.960476858058165,49.95667489783965,1
27.02445847649981,43.311782768099896,27.81954104607626,1
24.072362872446355,49.567532191537836,27.499534854010474,1
23.663492435797686,35.645612979554045,34.09762795959497,1
25.01573109915455,43.25040243304591,37.19757942148182,1
20.763088895994127,46.94089992898308,20.12820472848816,1
24.307196409373965,52.660802783846904,22.162343344136033,1
29.3247058619737,32.03168052044153,24.739651573324196,1
24.289544179779973,44.42381202966415,9.961376355932465,1
19.723781540730656,50.99928729996205,40.07513689836922,1
23.47917047388661,34.852432693071336,32.439531979085004,1
25.219953901565212,39.672991603380886,38.26047171441506,1
17.140764687730766,40.538165667852205,43.10308746119608,1
27.05815437999532,43.55912444278385,23.99576434261295,1
22.304755985954927,48.885786045309644,14.018756481162525,1
23.53862384870591,37.43204911430539,61.09918556005361,1
23.846333367310525,61.07345576019993,30.4977368718096,1
23.407009134994546,55.01046092567141,39.02277173786647,1
26.197408343056214,44.22162802987198,27.450442064463022,1
20.73323887120698,47.99292580406492,34.62060893251896,1
23.54390935651269,47.010990467149675,36.35418030209226,1
21.981947855500895,43.147123411222914,30.224658928120462,1
28.603641766491833,39.19476550195277,23.707366063072115,1
23.823675540603528,34.983799901050844,29.116370407946647,1
21.357434161636803,43.70179300266574,35.4711911517521,1
24.837115400446564,48.01791899819466,27.65592199683678,1
34.236642425365716,38.94384460263136,36.66312500909212,1
21.813088858821686,48.992231226052795,25.346895432199467,1
27.132879904610476,36.724097793512804,30.2538842054241,1
22.886968928371722,38.54035820875465,26.68691616816677,1
22.666549937227373,44.643585177025166,37.21562505126143,1
23.201874931138683,54.92042349536523,28.090962082727014,1
22.73385120294003,54.85729995679863,24.352259958290578,1
30.007064575868178,62.72251596669744,43.814540786904864,1
23.13057842072571,17.96767707000763,20.9224381985308,1
28.48949125646488,46.04201103951876,30.886575909614375,1
28.379695088643274,42.96326249823034,21.681777917695552,1
21.161269099792896,59.12220555415429,17.414950893246655,1
27.507076336195425,51.628812686674124,36.98828420202535,1
27.572978869606057,25.062643574285445,30.208864882959617,1
24.65305515283528,51.50201177958661,24.512750922590385,1
23.922123727638823,37.478435944094166,14.644278767928942,1
21.626073724486393,53.17766299200287,36.045153263553665,1
31.56940879965302,46.92049116490031,50.236062192296394,1
17.047090574820963,29.374541431134574,36.833289928110695,1
25.76326252990364,71.01683114180395,16.340442887994655,1
25.73489971332617,39.18319086051356,31.733416643704082,1
26.493994873736348,51.09138120907177,29.24048976357477,1
56.339478145436736,95.95464526696428,424.53790818995947,-1
25.772651172168292,55.49552715319335,18.060749936009444,1
22.21920858526575,20.00594285126427,38.50897962167972,1
25.783165816539668,51.4084286126701,45.986471705047165,1
25.360886895135696,55.85895565831578,26.869419694768457,1
24.39342204269832,62.495767431869396,36.03187431082343,1
24.26383565199139,40.32298798688109,28.05091719647319,1
22.89047072462234,44.77131937701118,25.918991608397793,1
23.380720959071915,45.678555105274036,50.56543564829541,1
25.259769362418698,48.088330125989636,40.59936384046622,1
22.840467374815873,34.29915233673847,19.72324859074042,1
25.174626155338,54.16327674702482,28.369330360562362,1
44.23271797139722,82.93843847167541,393.61381084685803,-1
28.921428262847286,40.4111573713106,26.08351432578209,1
51.986042322788755,88.37214549836659,306.98231053124476,-1
23.312599672317198,41.33175588185313,15.51408585366456,1
25.347023902878576,41.94775295645332,29.338673853741774,1
23.592473043685885,44.01110346808857,23.38017822203391,1
25.461175317836584,25.017993154678923,21.18125348772282,1
49.09528685105322,96.0760978096695,453.8897788164094,-1
22.80890010484859,48.21357215450273,38.071225966373106,1
26.51496183694137,43.499444129674735,24.759116020654076,1
22.593168192335142,38.53063222294426,33.69642192198094,1
53.55063227767369,91.6139816910857,465.51061045480935,-1
23.992645902129617,44.724850949493636,47.49583904205421,1
26.240304709671104,43.298153774750716,46.734520902985366,1
29.2083829328083,44.756454077390174,19.272569742601934,1
27.07043197513334,46.69360824036078,45.805406865683736,1
25.75147855103763,38.74437298490471,12.269675317931185,1
25.297996916287676,60.28468426412532,24.416982460539693,1
59.91262218997767,86.85290293045043,393.2598825879638,-1
25.94274199778582,46.86609123156358,22.808466807575797,1
44.57750924966998,85.12926122033532,484.1479300685271,-1
26.842500100130277,44.72695460490068,12.214124159934833,1
29.653455926567567,34.348863369246274,25.632802639594047,1
58.833839733160616,82.881575720264,306.092737261792,-1
24.072483629594082,42.58742345381457,28.154746423441505,1
21.992411906086573,32.90358981308795,23.836385919605227,1
22.067334265604348,47.68592278863257,23.82746813453077,1
22.028391024607934,45.380034781682,4.697124772536704,1
22.18652488025463,34.60094072874469,32.13293707372939,1
21.888261537020632,31.528737104703033,34.18398220888684,1
25.202555444230327,43.13028697014554,27.529742992540033,1
20.78001670945533,70.89563642018614,50.88442772869925,1
21.337469050086934,39.97945775647389,33.61503525206102,1
27.138995290517165,51.93105607263144,38.59587886979802,1
22.308236885542506,31.301970204209223,30.1961665769399,1
25.05530179919618,40.52678104341249,34.200944904518416,1
22.15180333350417,48.38483843461691,21.317072681236336,1
30.061424905217695,45.320041490657665,24.024898053083582,1
27.50176646364671,40.35382702701607,16.807528054012327,1
27.276907661479804,48.64961002466225,28.061738612271967,1
51.619007597763584,85.56736963325314,450.05315278776845,-1
24.944460592022832,61.72572386837703,26.24803619676063,1
23.448134649698883,50.131057981760826,37.04506539824723,1
24.7766622527015,39.64764788439432,31.429430947637066,1
30.49437629756306,53.38490774451642,16.368259954071895,1
24.262770807742168,38.97787939638219,24.97025229448657,1
23.84405920941472,33.964106827842286,25.498107351485885,1
25.968155681014267,37.949881442415915,42.81643795003769,1
23.971937217758953,47.935579321666296,22.140139673650175,1
23.308826341588077,61.283966231285376,15.3247473424756,1
22.856945745920896,38.283766320619485,43.74438093170817,1
20.753887773848756,58.99355436586002,36.969544045107355,1
25.61039090760167,38.94285076996662,20.188344688603184,1
19.8252465024609,44.047044676130476,27.314693520941677,1
27.491007449632736,29.743436854299052,38.90198411124787,1
26.73121638154162,39.713833182502434,25.21162543991596,1
24.102977948602398,20.761206733710434,27.90778126255472,1
22.482347430332084,48.42725346377704,43.92465300064329,1
26.18335642713489,57.897527540827454,12.237647671016802,1
25.144254839984146,33.96791634278317,26.12900297525599,1
27.13484463426667,44.74973041254856,17.495922660302824,1
24.57286154493612,44.90881003355796,33.5561334878566,1
23.621917301379266,30.816342670669684,27.695992857942326,1
29.22804232055674,42.40453322416083,37.89056687375519,1
29.507071156288085,46.486674572021116,17.888280707192187,1
21.963686874219498,40.33963498131758,32.25307922040942,1
29.06872008571247,59.40117215449473,13.375080119643258,1
25.089268418487237,46.79581781939598,25.080975524937948,1
21.015441853304708,47.43800713771199,29.667700093555393,1
26.386310422789812,42.19324923133226,26.8392714397295,1
27.481549747108073,40.06243416838687,26.114815469111143,1
28.2668517909021,33.53654606981312,31.83849544753695,1
29.426068650848656,53.33528961608925,46.61470165728018,1
40.63487530745977,82.52004055727988,313.23303776688806,-1
27.948072951836544,49.235990655934614,39.18454443942414,1
25.69614981207291,32.760597332377436,44.898634386020824,1
28.196441125196053,40.645136294301565,44.558223221467664,1
57.65829633037444,91.58628933323875,346.8851200023029,-1
21.15871194251115,46.22670315994795,59.49094425308725,1
19.663839253287165,45.884068862918475,38.11396554491592,1
26.785471076310742,48.09820710227027,37.84604287898024,1
23.410719388698883,42.79035826170336,25.261606529290837,1
30.6460734894251,42.73515901150168,27.70609255931972,1
26.96966082590149,41.29385667913894,32.2323891412916,1
40.382897359936734,86.27750993444941,347.49571135045153,-1
24.558827855493583,61.391168054440676,24.26398227103099,1
27.215399739986232,32.19695601329106,28.714624885610693,1
26.414405071407987,50.82097703468616,41.69589992427774,1
27.95296719542975,54.50307591973576,19.674760964724605,1
29.14647697311258,47.131966282376894,33.338599665685344,1
27.272523130141916,35.667320409268044,33.19651825918977,1
24.329611644022446,48.819354522315535,39.53125045376087,1
20.96664846689717,42.76534017628148,32.96575545140762,1
25.31929068307569,42.18672442881787,38.872908372667425,1
23.431419918540193,53.08057798281145,36.979032725390276,1
53.942716117836184,81.64544648554124,423.02582810824,-1
31.18224377464596,45.56649924897107,26.41659847978778,1
52.492280962290636,95.18585013836947,474.13380682510353,-1
25.51410484356991,53.724573282801444,11.181509545023609,1
27.87781247825562,41.83591550305198,31.517579922487403,1
26.558039542723517,50.58326912521722,18.88542043062968,1
23.91710150254276,34.27860988014393,29.861622539057628,1
23.431830938442882,43.1710355889516,35.70612997219531,1
25.623063061489333,40.25096343377476,25.426983449132102,1
22.710222530372448,34.55190805978967,29.944039811709533,1
23.466352970706446,55.88748619704186,35.14254756017835,1
24.732639881461633,56.906462747863415,14.357583882889486,1
21.25665045410545,69.39752406339272,24.17241342388418,1
53.81767953101645,89.75668637088025,402.116151491912,-1
26.779303773905152,21.370675644581617,17.434931057207436,1
31.81207857341319,41.003638143853976,29.513476484295488,1
22.60931423358857,38.48643106208171,40.97152711753696,1
22.42852733075115,41.50742295681571,16.203818352110694,1
25.869324570689237,43.615440160162265,19.706284918179286,1
19.991784156635884,50.38296079049633,34.39501230620226,1
25.32818438381468,60.13449743242131,35.514762752395235,1
27.165016192129706,47.00569197230943,23.941391792411068,1
25.232104922942856,65.13387247526623,30.85318142565024,1
27.469511751885744,50.136001065697165,28.68527404328332,1
19.869494822030124,30.617220216826333,59.8525900260341,1
22.921271214218038,49.40474737960399,29.242357134645403,1
50.00718892431121,85.47280835721543,368.0823112228519,-1
23.16163392854684,42.53937511870051,34.63206292099123,1
25.451181359428624,31.68767046442222,45.33433701296325,1
30.387633019286564,28.980341881028316,20.516519957757993,1
25.290987894978155,33.12401580970487,54.12615421612916,1
20.777608676870337,37.30026768941358,21.715029752197538,1
27.807035179442384,37.65408423201951,16.613942002767512,1
25.351982149926346,45.405916912038826,46.426729532559634,1
26.543316502176246,49.746982328799525,29.99291405423354,1
25.366029443936085,43.81931473008921,30.85687161403359,1
23.36524273957315,53.83109777147159,35.48883835317365,1
22.533338813300706,41.20872259012513,31.647608412365166,1
52.972779135376314,89.19168114427247,482.1211434428843,-1
25.986253328979053,53.77362290575671,34.24061044464089,1
30.65855770363159,53.95193220027733,14.291238479315007,1
54.748521715413546,93.23334519258378,353.09928148581446,-1
25.512596314383824,63.73297776217545,39.21801501977252,1
58.56364196227903,93.4798841629146,358.2921826987588,-1
23.313137412277083,47.790215257703395,21.088077745847126,1
25.553901575596914,44.61491530499293,26.568077245025897,1
23.42643920116068,34.841781810216034,49.92515353168118,1
23.125544266912964,44.203586087542845,27.829829495756297,1
23.489573037651404,34.77207434801595,49.583474542205934,1
28.50788677133702,51.713400764504655,28.655032155982674,1
24.525976304263033,48.23167714184781,29.76447849125762,1
19.387624236922434,33.04116937964815,18.83475560051341,1
26.87700204329502,41.51347865592141,20.283432654587138,1
26.238794362826873,50.689830791852756,17.60892924346099,1
25.28836233082295,51.3472146856177,23.646376111743706,1
22.459618845794786,42.40957854179297,23.585184047770476,1
27.229792282068146,38.31855914461006,26.86470313827602,1
25.589664329534724,53.47421677150422,29.934786847705418,1
26.862016292652033,40.683796872819514,47.586204841951336,1
41.24788137196555,99.39853050690382,492.6720640892076,-1
25.93375046363061,55.39904687396076,18.51205964841344,1
24.566918764228173,42.28876398957431,34.72002270919275,1
21.289147867365756,51.5232287841342,33.77100393902187,1
22.241727297298592,40.16813537700626,56.44343347017035,1
26.888886525770836,58.64140429973844,38.17889658025029,1
25.49935662463917,35.72646865809426,19.103669626576117,1
26.502751562873144,45.570131248970846,38.38940500469612,1
27.100929638226972,56.39878561129045,39.2427013953783,1
25.702644197609562,28.83689391563412,40.71543152234886,1
20.017117199452024,42.410950262959226,29.36475425384645,1
23.591576842195146,51.45484181141075,14.188092979678666,1
21.03863016074717,29.236078430157505,29.707371863150218,1
26.152196346817924,46.60573981049865,31.058944531152342,1
24.358033467323473,62.10613372581925,33.979270499468086,1
41.06695993977795,91.26816728967708,499.9115406500877,-1
25.978399066726354,51.191542610051975,27.210370696681913,1
23.18804443985254,45.21271576736061,26.079873600808703,1
46.70558100156592,91.42520939874194,302.0568991871384,-1
52.71880653653422,81.13957453994736,310.0486019645964,-1
31.943975700020527,56.05525932957984,30.599326302663282,1
22.105229618259685,35.606646061812455,44.19603004513637,1
21.8268672131323,23.011940433799182,32.87124165201824,1
51.2679070142528,99.46153595824597,300.1306781522599,-1
20.56443402889772,63.466369960476655,31.598563919974005,1
29.511978965748064,50.15939217704099,30.37937835447602,1
30.264382545953094,61.246784584695604,42.44679580736786,1
20.161852386431043,33.569950872695166,16.911796008808878,1
26.479953702642668,46.68460976269614,3.6425226098312216,1
24.235068347737435,45.66990717224872,22.367138958214184,1
31.3991001239688,35.10371863429663,24.494631505084165,1
23.531681672445334,29.952796259689975,26.705522136529087,1
21.54701926773309,39.410781527284115,19.09600922557154,1
27.890128387732965,41.37559058596868,35.55604466003449,1
21.411380127757987,52.09003757588512,12.514680267618193,1
29.39694630676466,55.73631749859772,28.687430329076953,1
30.89417539874917,44.846901508270044,34.367385517335094,1
25.222284341259325,41.629140288819606,37.307641190665244,1
25.167174736866084,40.11150578213726,41.24353359870503,1
21.76676566621208,37.45724149980642,42.38946352939438,1
58.42615024425951,97.19589349623291,347.3866649813297,-1
23.231905729167366,38.98632356048786,36.22207144043402,1
24.71182030082605,38.921780129055676,32.55383755674317,1
20.794446811623157,66.42270358611864,32.39246864111149,1
26.521822093321894,46.150260791474174,27.559195263257987,1
26.084186816525243,46.28104414910789,18.94295331514064,1
28.713448935920386,48.216978061960134,34.87872284871074,1
59.81358314131532,95.96586394418374,330.40971348489836,-1
18.779829302775553,32.45710576830751,53.638724946193605,1
26.539802299340067,45.26885838994531,29.85547729121721,1
27.254161370115366,50.07835756289624,18.998457670283052,1
26.97563281801849,46.23204806784486,35.522999376795234,1
24.66301585092751,56.965715016644914,36.802161054504495,1
31.3664685910379,38.610382523104974,23.418835109247432,1
21.680995077981915,46.9652116970147,37.93488720552213,1
21.961506638996728,51.078965097165394,8.48184598670695,1
26.012807986225607,50.65509645631544,42.11943985386401,1
32.897146194512175,42.04598589860971,35.346290861224354,1
23.60281073928923,47.19150327663939,31.467930119855495,1
20.28932584032863,41.7767953078866,18.880329742258365,1
15.276197979792782,31.10427533236404,33.904648499288896,1
22.316178093341488,35.254706953293585,42.748750412787224,1
25.214698711658176,39.481418541075534,11.538121377619063,1
41.691307561944754,99.02889651326184,465.3717121945506,-1
29.100622802333575,28.86438602123259,30.341524174880245,1
25.22741367458118,44.117179516487454,36.7286123596682,1
21.61284468634831,56.48637349428715,47.19377906207296,1
25.921898562629828,50.524899544171475,19.281427669598443,1
26.831110796300393,50.43298029036388,41.254347844147695,1
24.43938506751592,56.07080669286972,36.51521991339506,1
21.450224462002673,60.30750832343698,23.15370174239996,1
26.86542988665159,61.15375689469442,56.20793091029975,1
57.28866493736729,99.35522930539125,458.51896264182693,-1
24.8214239318146,67.90942572590743,28.626282116006035,1
20.86204231595642,38.77350638265548,32.60442263333556,1
20.18066103922728,66.57308213265503,41.94109403047372,1
24.154646173418477,63.38183676795123,25.205070326007565,1
22.622437784701898,42.02436496640008,23.052868689109417,1
24.963259681459256,39.425082149921664,34.38475738809727,1
26.835028866522602,59.437646040732595,39.191541736100014,1
27.373095841129143,50.228354880355,10.207001896242122,1
22.876991603143658,67.52435805344308,38.74389180712728,1
18.366594072976344,51.48280433843859,44.484992298929264,1
26.37754023768531,47.01159655872839,27.97019362604343,1
54.14794000065855,84.65011984415662,318.7553052514033,-1
26.954173753917395,49.95681887972604,20.600968988911355,1
22.696607304687614,41.968202171657246,33.11308673442885,1
24.190375194119888,65.61503576636397,20.78140186874687,1
23.01212872316246,41.350472704571146,34.57772866151886,1
23.339052083958453,30.210884312258713,3.9578614337286595,1
25.015340369927383,39.28821010217203,35.60919447941239,1
28.171366678656746,38.080919301187556,21.338251517854992,1
25.904642027000836,46.979107834626475,24.57326200265978,1
25.554508371084623,58.1759753560796,30.03375506597161,1
22.968514865463664,70.79709337654319,35.91814133741378,1
23.359423176278824,37.527883208521764,37.426824183597226,1
21.13011730077684,33.30083164289712,25.632357627617825,1
57.94731731581864,84.37419600647166,489.43229258004953,-1
26.414246669159212,54.528745472029385,38.90247500836509,1
27.440528908001916,53.949243769444415,19.978125442185274,1
24.887095892725455,43.19520086409374,28.745457399971,1
29.65150147844223,34.46317580853646,31.906355912650245,1
25.744661758901007,54.325908318730896,22.415046652999305,1
52.136939110802786,83.50983254762714,404.94712753228646,-1
53.49572604334821,82.74296976305486,379.57314060348546,-1
45.5057642690372,86.12926936085641,401.97080191009155,-1
23.040012302278864,30.599491174057057,29.906996788613856,1
25.0782731506325,49.52371796249734,26.915172115441802,1
25.340552035753745,46.798941511534785,30.005279588565973,1
25.857596172174716,66.70942717497815,38.48174212666668,1
23.547297781401245,55.09817089342634,21.807421402785025,1
23.618083687120638,29.74474829075261,42.65707840864701,1
26.084908075142902,44.59842049355657,19.09033569784802,1
25.830072397990058,54.9626681944714,29.812912435541026,1
25.587535765293044,49.84732817294475,34.736320768114545,1
29.433682134224547,35.33023856870787,17.65651128120078,1
25.13671551971144,61.13711269058647,34.76357769356219,1
21.217348136994865,35.08607650543693,38.25098264667635,1
48.0377439978146,89.85138141506596,378.41871538091453,-1
56.74239255661304,83.34982178188216,349.93379054804603,-1
23.5842044026317,61.334315323010955,-0.19512155820825328,1
25.392221731858275,53.53415558780308,39.26215402241593,1
23.667120219771665,55.240625258114626,32.07267329398944,1
27.465707513125672,26.104592690544692,43.95683810789956,1
25.063011524898275,57.477420726737336,24.867864335284146,1
21.039300378938073,44.939290884601064,50.243096232868524,1
23.269686008295,38.564817696198574,36.659242520544616,1
25.890954019699556,58.800913541474515,29.486062764115136,1
25.642281232390612,52.2762954363698,41.88913371474643,1
21.36695140071263,39.16922561431062,26.429707991933906,1
24.375633248928175,46.0537550614596,33.2674476460232,1
26.512139546553534,52.59155160302647,29.879110521539456,1
19.89224918728648,55.29960817581161,20.813134885139057,1
22.75454039033034,31.881637676498404,32.658782296520485,1
27.865426961503715,26.9801956241998,45.11154930247348,1
25.560300293431236,43.12855734995451,16.22382499245763,1
20.609455155603644,42.18899707114045,26.299889701178724,1
20.216717023616898,38.31909546356951,48.04348109786743,1
30.546868284836037,43.99845923520047,20.838080845187577,1
26.212152570443614,48.934853854217494,34.477169258102776,1
49.382144220951574,84.41008526871295,466.91435805112553,-1
22.697957311335852,46.417169136399046,50.89538721694773,1
29.036260138464932,35.405607632765204,29.565230501861375,1
25.633052401607856,42.08188731084456,34.81866061718492,1
28.406696920541798,47.17432873179723,22.372752214337858,1
26.682353579104703,16.037446218063106,28.554813292844823,1
22.502933280687316,43.62551485372308,19.08066099604687,1
21.266035890065748,54.553052085705104,38.29732417879175,1
27.914712852863065,49.86501643826202,28.18775826781897,1
28.242342176663865,56.87679388461564,23.743227125037876,1
27.177299871696075,51.30811684554777,33.40589216400497,1
26.76495161945373,42.753668500029754,28.522196811825285,1
25.084955128391382,50.13907849658915,42.000789564268615,1
22.893840718367944,42.52822617479403,25.636141094734313,1
29.569089569224076,57.78451862607299,14.862856073871729,1
25.671652072837393,63.54092566334188,16.73527871688917,1
22.41614739601521,46.36535331082737,21.917342783590737,1
23.71935679015774,43.52397413701331,28.256457420971643,1
24.35965854486446,29.44104353796373,13.568111888458326,1
22.04282186099337,50.41462728204788,15.48824309948441,1
25.440141059299968,37.03974143196511,16.877808065685937,1
24.76869487175769,45.768218910602556,36.55900776529761,1
23.201822063667933,43.47530163619456,26.425545771895727,1
28.043110195054393,34.32467085745727,30.549341109998487,1
29.48813293446755,59.77530081055262,18.517367112473817,1
30.02931193682585,38.90217095680618,24.517127035093992,1
24.253107554562778,44.29501221940909,37.441919714999365,1
30.383673590553364,31.799774887792942,10.37374308327421,1
24.92762473866999,36.96821049319655,32.39404500535377,1
27.038793246804026,48.2876241030348,25.083638143679526,1
21.89427303274188,48.91804005402547,25.792382063189468,1
27.47624904696409,37.81592734430802,30.409191753957213,1
26.76057128140081,62.275431701007115,50.740826697499735,1
23.971856450419693,45.59630369920174,41.73124637586641,1
25.073530522776828,55.91310120594269,39.87334516589102,1
26.688907710071714,52.18953310665067,32.502002062516944,1
26.898345598318855,62.269638512334055,33.437878815498856,1
23.53718132778252,52.53341621104533,26.30722860753797,1
23.060281347272422,58.01741289398798,37.83390509282596,1
26.07336208104485,54.98010109859652,23.248217250256182,1
21.426089508392053,50.43600154594432,40.56056809066052,1
22.33145671112343,44.53079421120816,35.935567222808615,1
29.649803215052618,60.73986763290033,14.970296716048468,1
59.467652383296425,96.51421903121334,447.8133951878745,-1
21.262783663864035,45.519458858072994,37.083038472010635,1
24.950731311781745,40.7069777548274,30.953441994413083,1
21.286553503519453,29.294993963768228,7.038190468627619,1
20.543318880889082,44.094667176958396,36.68340488718081,1
23.911484318681023,51.153674840130535,44.10459145203504,1
20.455458325942406,43.03650150915022,34.31922544673941,1
23.343330867157086,61.122782579886454,31.718393397935312,1
47.711951850266665,96.9024170299207,315.7878805893111,-1
26.419712873720634,55.30283454031842,37.25095786847997,1
28.095533618405906,39.64671814046077,35.987943895619104,1
22.900823476022243,46.19580368414153,42.35782191822154,1
29.061617122496237,42.097254558113484,30.19147777415752,1
23.301106811191683,46.200313267182615,27.13995778119889,1
25.68237980381239,61.83927691457869,33.08050539504102,1
22.537953044944867,27.602862212219005,36.45215585950057,1
24.942951376291933,57.27668992473292,17.398352348274198,1
27.437577467182592,44.102643057127736,43.043402428781526,1
19.7108795339118,47.43339449322692,34.27194361871685,1
24.67371955462943,50.387559924463694,34.98221748496785,1
28.474332620500203,45.438114719791095,18.191871846911553,1
25.779648382745272,43.273727000591805,36.21571889856051,1
22.480834473457673,46.33540904782282,28.099609649985055,1
27.045858913884892,38.26509375756132,27.714000846599813,1
24.096688913232132,44.00824136220617,30.928449011411146,1
18.882303466719698,57.18761851697317,37.90625599162769,1
22.271837635615782,39.26299996061421,37.47910256117534,1
27.814851417927994,48.50630099273559,11.23447293958126,1
24.833245987268636,43.06340540720282,45.37931918412553,1
26.897223217166562,41.08241850956178,27.00323351993213,1
22.523508409622465,61.77700814076441,31.018562952619867,1
28.53789155219148,38.90487797840717,50.99721789166516,1
22.23030026166729,50.796331732135755,14.140166877620416,1
24.976082076050147,49.59972142939117,47.388996637975794,1
27.488216743550467,37.151016869177596,41.17398815902461,1
22.27592777343637,40.535663854494715,27.888697611723057,1
24.656380464242147,47.673923140719026,23.585130909556902,1
53.992791392442435,99.78902261930114,322.3185999914495,-1
23.422734934957717,54.56702316794584,43.728484746765304,1
25.725886814698104,47.49383683710755,46.122206282554245,1
25.105790655915186,50.792914996010886,34.042947549616976,1
23.680806825177477,43.796188360464015,18.623143295751834,1
30.29636272084329,60.94505063224972,26.72105283487082,1
30.628512517647657,50.079913269125434,27.33347670765585,1
27.34546861533193,53.83659937486672,26.30389663956366,1
28.160925389823518,41.46833707189312,33.89614177370904,1
22.180360641017934,54.34319911239274,16.696863742610102,1
22.80720988017424,46.94607455237243,24.61158143807262,1
30.089369104870116,42.47646497873713,16.7754204325643,1
23.26928903301279,23.47109407047517,35.8855326977072,1
20.01543981319312,53.15737212539297,29.28400748141933,1
30.540121977208102,30.424485005350697,33.16155957182778,1
25.3327677691296,29.768130952162252,34.41940649569409,1
22.681524356387285,69.03415585238275,27.354851586893894,1
21.797138711852217,45.281811573691286,44.84116028535965,1
23.945459547876073,49.446026682201406,42.35811620006939,1
18.754211776348832,48.23079273116029,16.489256337919787,1
24.29758912915246,45.46436548156149,14.158640569945103,1
27.926635381367078,49.47708560017315,32.603218387712204,1
20.777464915846537,49.66429982433527,33.03818595604876,1
21.39911077883267,43.2692817571613,21.775800676177994,1
25.996942035938776,45.103526198433805,25.299578522404985,1
22.072380241068004,46.94384301577336,48.70965175371782,1
23.67986653990905,50.94754341665286,44.227481360999406,1
21.756830378775213,46.26379579546412,38.484308822052846,1
25.14556488383448,41.77320161157864,35.345056484805504,1
32.72007940974958,42.73521108098473,36.820520657126195,1
23.447166102891487,38.882309090947146,33.496500472996935,1
29.614109699397908,38.18948342525119,27.850789697112646,1
23.014640605694836,50.97400069849858,29.744256878080055,1
19.585353698006443,25.33643410623998,36.687416555925125,1
23.796338584342493,30.8628550309502,19.849058081721314,1
50.71870157704237,89.78785074813177,375.9503045838635,-1
27.91766334888019,35.77589815501497,29.497953829582553,1
28.175273460548762,32.90305257158892,11.334600486393839,1
22.4317485222734,57.62584103427182,40.35249334723753,1
26.616730131053977,46.84680305864909,35.22514105265758,1
26.238342780809496,33.803301053738565,30.89580681255249,1
25.041787875738837,54.13584626233249,24.19946758629957,1
24.19333392833551,36.22017413243439,29.328217099506446,1
29.642515603990184,45.754336389015926,35.972282182533846,1
25.779167505164445,42.78746376414228,36.95537757565778,1
26.679371343793118,33.20960208840198,40.96469233810883,1
55.58205172791574,90.76045410727806,309.9228746677675,-1
28.147027677510668,58.74876419148185,39.68184660532861,1
27.302304187458727,52.46253566027221,35.08725023229934,1
26.541357852736628,34.46584436826344,21.829113689318092,1
26.963096969062175,33.58310885866495,38.18777643754861,1
30.256811330270867,56.64739354457171,44.53260663321034,1
24.322671098540393,34.7348470058894,30.76851882958768,1
26.545143058918143,38.76231039304195,36.59245668432405,1
27.925359200253254,36.963254320302696,26.45959289058976,1
23.649803585562267,50.365098435704034,20.435636231819913,1
29.105894672597046,25.245334336461287,43.21304032273012,1
26.84780682083279,54.039348410861955,44.43632003468814,1
27.64491927084835,37.46582129653817,44.223698616985075,1
23.660455143798938,44.283987405859364,38.00409525227683,1
23.27308652128668,58.17115067339866,19.861040477074624,1
21.987577699743795,44.805803941122676,31.972922656312065,1
22.722602015338907,37.140105394920504,7.881380886704932,1
19.243686354102877,58.173940656343255,47.32514999485092,1
25.83990587895946,37.831776793971954,18.774551937555863,1
26.94612966276893,37.48030668261181,44.313667818311835,1
23.199349368523617,44.0166037320525,42.038844371688164,1
19.889852681934535,41.118231814587716,25.929636870732196,1
49.30019035052855,85.7141513532178,355.4929359449908,-1
24.021929403496475,36.494795457907,41.12688374989925,1
26.589412533745847,46.81021558703707,34.920188479927994,1
23.575164066517132,34.037249131047986,30.00207064918197,1
23.885677402012625,31.43418195376595,16.18955396846225,1
29.56937223180897,41.34678448687891,21.695555934434346,1
24.071360682058028,34.90269295290062,38.132051867479774,1
21.24665927084409,65.574954697117,27.202398315041656,1
28.087466911976932,41.65224667893459,25.826331863949157,1
32.337255938850475,44.17319314157301,40.17661466843502,1
24.678908920136326,39.53755551747517,38.868873900973,1
30.630387437674198,40.46771950672725,43.40461051790348,1
22.064881667154904,36.536433450091266,20.736188700184616,1
20.859695625355325,41.975303135118715,20.460605806033552,1
21.08659149848544,54.495541354413234,46.17212574968624,1
25.34268294598612,47.98752908365686,30.858930062933304,1
22.233504027467124,39.488142836714665,31.76820872139398,1
26.147229238552153,56.61878302608191,23.479111114069394,1
25.523733438495515,51.351718016819696,18.73232531090195,1
24.776699712699862,54.9831089814796,32.806364044901365,1
24.124918750620168,44.34249738927012,30.188496229448475,1
25.246851967826274,52.0945181713904,34.57280404615241,1
24.44529359067103,37.71997058770866,33.4005129456889,1
44.21586203100057,83.50246280260707,352.20970524696963,-1
23.45839924798992,31.33121301584579,28.108796092229664,1
22.277309013875207,66.65002344901083,34.97743089091394,1
20.944946183151,48.257963165821664,11.20075614860955,1
25.055255137568654,56.966314866456514,28.441018220633325,1
25.545598765175484,47.24684725751886,30.327969954115865,1
22.3484276913966,45.786351903160906,29.734787407509398,1
25.6087690625539,61.39964529371393,18.24405394375148,1
31.03061361629905,50.51485376040468,36.256309336460006,1
27.045674468878936,45.824397529345035,33.35058029084117,1
18.79767369988037,49.369381697463496,49.764405845154855,1
27.793840357348596,56.172958315881274,23.29379790923355,1
26.113437620113928,57.38283071433636,36.934789119139936,1
24.34695639031834,32.56136764608715,24.558859978858074,1
56.76309949977285,97.79038622087526,421.66390000155434,-1
18.924572240027178,56.894704889246405,33.92415967178767,1
51.66381608554195,88.13609601903447,435.4786259777745,-1
24.498645759049438,41.80946064333382,40.81766727672829,1
25.98078212129249,43.65982833327082,31.600182258527877,1
28.24915372952583,65.88374704780728,22.075800790000386,1
20.804297278542577,56.85704154662997,26.160287280476485,1
24.709860664388824,29.36809191303343,35.47264797377967,1
33.160507499768855,53.50221742113493,34.07052287124535,1
23.58688508314503,38.50722454933993,27.767977453651948,1
24.033815451382974,30.3562511979018,34.676931717654334,1
24.655790675599302,58.75706813311619,25.907175618868962,1
24.53296829382376,62.02214944635238,36.17005949576698,1
27.569196382970418,44.627777634901584,37.542913298135744,1
24.901740189352005,20.757597397270583,34.82248952680657,1
22.60510826638464,61.95051040430753,35.82026567084727,1
51.863164380789364,86.04839022557073,419.3821381093312,-1
29.99642333338773,65.62524919243145,17.542826235536154,1
23.27901397935929,44.78632705651564,30.759552679160873,1
22.287050124686775,42.23186700111079,38.491021107431436,1
25.291232648044122,47.08382807947552,35.462842480037,1
54.10278291141127,94.50012152598238,387.6357226496689,-1
27.241880815369786,46.222975030322836,21.303369187253054,1
26.205135166296824,35.79326406920634,41.40149038521267,1
24.920458373652348,46.975996046923996,52.31300146192632,1
24.900619081378608,37.57529414301952,19.91445315923792,1
29.77955987991819,41.27793223928947,14.688924974442779,1
23.06464073618463,30.69224897881952,25.89185712045415,1
55.246052490019196,85.37124334907286,343.64150691043443,-1
28.326110741748725,58.40450446023144,36.12468794013602,1
26.77196449207693,48.1917451041918,37.56788679986982,1
24.78950286562406,47.83287871546142,21.999614356023535,1
23.36685182642445,56.950466289248425,31.686546719667277,1
23.319456879409092,40.70594458874747,20.979484456424895,1
25.671363854916695,44.62963202951588,14.351972286379448,1
57.72186870626416,91.05324535553497,433.5735813401627,-1
20.17755029631632,55.78680833431296,32.69126941245107,1
28.447819978857027,57.96994546561109,21.04653677636976,1
27.548806291063073,48.19781934142537,18.611668822192307,1
28.132482631207218,52.60055963689602,37.318707042882956,1
24.6162472255577,51.77925871339269,12.741932712094034,1
27.009017646490115,30.151020315500965,31.043559375232128,1
23.40849655716842,40.567177488084894,24.958201689923285,1
24.448049990941964,55.80048065714649,34.826878872092124,1
24.622639239701055,60.43243528272189,29.37808983000689,1
24.191779496666328,42.86557129069792,10.298961822881644,1
53.35521183206306,93.34424674388362,332.135916942369,-1
26.565824696850694,59.76540349725896,41.26050250772168,1
25.550026017215057,48.93317839394372,31.847405788957246,1
28.61952689952507,55.76007138598598,36.220699903060485,1
28.274520555767385,39.70947322653705,27.906861804206386,1
27.3125955816609,49.195324439070276,16.739523139179617,1
27.270965849936054,52.78361076166638,22.782624466627468,1
23.996496292477154,45.155790475814676,41.210306673244716,1
25.298954095262925,51.13517972730416,41.00959634998571,1
25.037777202345385,35.960923585352106,17.42422141085384,1
21.78732250581666,41.783649487826175,23.73282775410035,1
23.875537577351206,41.329721609166775,29.545887820677617,1
27.746206353106224,60.0339830176715,21.90396480078354,1
25.205688924418084,28.314159261224106,34.966992232365214,1
24.17484490854507,43.27053940076577,33.476764835383364,1
21.307407050698135,55.470983026121544,30.979831534708953,1
23.333568642519236,51.77875319530908,45.19283923641769,1
27.152626767387886,59.90726136849952,38.92597338299309,1
25.932722696794013,48.30880232214457,28.24145595567929,1
27.361253811227357,16.514573793699245,32.85554074857657,1
24.279023805525593,46.76441555277225,26.128693502104852,1
57.61946011279315,91.35454635862109,455.04881036698987,-1
23.764369101632596,27.392372408441823,32.61250531233856,1
21.75681001720031,49.365598041576675,25.06877177600228,1
24.516142865001974,51.982233136135896,28.92697855995771,1
44.58731554075345,93.45529228824934,368.67734043552883,-1
28.47578673702221,56.48765700372103,35.211224283793385,1
29.323819867198345,52.589285897867654,39.653974845911705,1
25.18069062982308,65.75260872625265,36.380511014407574,1
25.641939732202665,35.26931059118444,19.289463203509513,1
29.758050448436055,54.183166060023126,15.561451838664581,1
56.056218696490006,87.42934525248754,356.2099500333778,-1
25.519542777553546,52.32640077215579,33.51448207541583,1
24.29753987582999,46.910990680199035,11.96860323744055,1
26.039344628490927,48.95803533437409,42.619215007139914,1
24.895945337839656,52.9994190194205,46.999573745763804,1
26.7126715320795,43.09317599236653,13.924401356310259,1
26.627680130757895,66.6325472330546,38.950383140761154,1
22.518307169343032,44.44230922342294,35.57691060725124,1
51.452144657640446,96.76460842163601,325.09725935983016,-1
51.93703753775519,87.10639496947775,308.0118238101389,-1
26.98639202356314,58.92002286344599,36.01206748929115,1
24.892521882670145,53.406435489887244,26.919657158142588,1
28.282574555412847,33.80382566710989,26.659227690200595,1
22.507149650766888,42.49166983544953,38.87655425873836,1
50.5535493244339,96.18047280583353,481.6869103758751,-1
26.214945132882868,36.53038651681672,31.55190683858979,1
20.564241262660474,36.125078221978995,25.865348388767238,1
23.45186581534788,49.891871301476634,36.197114459661364,1
25.811370477339516,58.281941418490575,26.793323744428083,1
22.418759904148143,42.51308873816453,35.0066572138121,1
23.165446591024157,56.87386051564751,40.213832954293984,1
21.68042227377499,36.7311964596014,22.842400108892484,1
31.45954737253467,57.130976999791834,21.64857098369977,1
41.42069778088004,95.91852774287005,388.5596273087475,-1
24.54464471489325,35.175126064616904,24.91859802352689,1
22.450466891605625,27.39191188019224,20.757668557316954,1
26.447417245729557,65.76747983560841,38.62393472382759,1
48.845876109022704,85.98766747410697,370.24387746975617,-1
25.67227744543125,43.887739386513,21.89142488789662,1
22.65024012299129,32.74234336997659,32.537396614945735,1
59.62235815735872,97.2931784371628,452.11512849105645,-1
29.43983241667008,38.22284630247894,39.788580507817954,1
43.34714064473562,92.47996971057965,340.8896744928546,-1
22.549192987038293,45.21311648671942,43.2893331953541,1
22.6809706484336,57.36093175210438,34.663583744463345,1
24.829163128836797,56.48445709196755,21.485935657396865,1
18.094236505793248,62.11708480142343,25.127714358864477,1
48.46670288306395,83.92838431744035,303.8310971102506,-1
21.406366322233453,46.83359919779156,31.989481467964946,1
26.099794738290544,19.46078865098045,21.01215951676872,1
